{
    "data": [
        {
            "Throws": "R",
            "xMLBAMID": 554430,
            "Name": "<a href=\"statss.aspx?playerid=10310&position=P\">Zack Wheeler</a>",
            "Team": "<a href=\"leaders.aspx?pos=all&stats=pit&lg=all&qual=0&type=strType&season=2023&month=0&season1=2023&ind=0&team=26&rost=0&age=0\">PHI</a>",
            "Season": 2023,
            "Age": 33.0,
            "AgeR": "33 - 33",
            "SeasonMin": 2023,
            "SeasonMax": 2023,
            "W": 13.0,
            "L": 6.0,
            "ERA": 3.609375,
            "G": 32.0,
            "GS": 32.0,
            "CG": 0.0,
            "ShO": 0.0,
            "SV": 0.0,
            "BS": 0.0,
            "IP": 192.0,
            "TBF": 787.0,
            "H": 168.0,
            "R": 82.0,
            "ER": 77.0,
            "HR": 20.0,
            "BB": 39.0,
            "IBB": 0.0,
            "HBP": 9.0,
            "WP": 1.0,
            "BK": 0.0,
            "SO": 212.0,
            "GB": 216.0,
            "FB": 202.0,
            "LD": 106.0,
            "IFFB": 29.0,
            "Pitches": 3158.0,
            "Balls": 1089.0,
            "Strikes": 2069.0,
            "RS": 119.0,
            "IFH": 10.0,
            "BU": 3.0,
            "BUH": 2.0,
            "K/9": 9.9375,
            "BB/9": 1.828125,
            "K/BB": 5.4359,
            "H/9": 7.875,
            "HR/9": 0.9375,
            "AVG": 0.2273342354533153,
            "WHIP": 1.078125,
            "BABIP": 0.29191321499013806,
            "LOB%": 0.7128,
            "FIP": 3.1508732159932462,
            "GB/FB": 1.06930693000000,
            "LD%": 0.20229007600000,
            "GB%": 0.41221374000000,
            "FB%": 0.38549618300000,
            "IFFB%": 0.14356435600000,
            "HR/FB": 0.09900990000000,
            "IFH%": 0.046296296,
            "BUH%": 0.666666666,
            "TTO%": 0.3443,
            "CFraming": -2.0,
            "Starting": 55.615699768066406,
            "Start-IP": 192.0,
            "Relieving": null,
            "Relief-IP": null,
            "RAR": 55.615699768066406,
            "WAR": 5.9443001747131348,
            "Dollars": 47.554401397705078,
            "RA9-Wins": 4.6511797904968262,
            "LOB-Wins": -1.5917099714279175,
            "BIP-Wins": 0.29859599471092224,
            "BS-Wins": -1.29312002658844,
            "tERA": 3.2020831623718906,
            "xFIP": 3.5361715966214744,
            "WPA": 1.9351199865341187,
            "-WPA": -11.439000129699707,
            "+WPA": 13.374099731445313,
            "RE24": 19.2450008392334,
            "REW": 1.9610400199890137,
            "pLI": 0.91547501087188721,
            "inLI": 0.92583400011062622,
            "gmLI": 0.86952501535415649,
            "exLI": 1.0488400459289551,
            "Pulls": 32.0,
            "Games": 32.0,
            "WPA/LI": 3.07315993309021,
            "Clutch": -0.95937204860045844,
            "FB%1": 0.6168,
            "FBv": 95.6485,
            "SL%": 0.1281,
            "SLv": 84.6089,
            "CT%": 0.1376,
            "CTv": 91.0138,
            "CB%": 0.1144,
            "CBv": 81.4349,
            "CH%": null,
            "CHv": null,
            "SF%": 0.0032,
            "SFv": 90.7000,
            "KN%": null,
            "KNv": null,
            "XX%": 0.0009,
            "PO%": null,
            "wFB": 30.174800872802734,
            "wSL": 0.30967900156974792,
            "wCT": -1.671779990196228,
            "wCB": -6.0113201141357422,
            "wCH": null,
            "wSF": -0.82573199272155762,
            "wKN": null,
            "wFB/C": 1.5506064168963378,
            "wSL/C": 0.076653218210333648,
            "wCT/C": -0.38520276271802489,
            "wCB/C": -1.6651856271844161,
            "wCH/C": null,
            "wSF/C": -8.2573199272155762,
            "wKN/C": null,
            "O-Swing%": 0.3664,
            "Z-Swing%": 0.7103,
            "Swing%": 0.5113,
            "O-Contact%": 0.6188,
            "Z-Contact%": 0.8263,
            "Contact%": 0.7402,
            "Zone%": 0.4212,
            "F-Strike%": 0.6163,
            "SwStr%": 0.1327,
            "CStr%": 0.1428,
            "C+SwStr%": 0.2755,
            "HLD": 0.0,
            "SD": 0.0,
            "MD": 0.0,
            "ERA-": 82.08137805814053,
            "FIP-": 70.308855644468579,
            "xFIP-": 80.777211490333229,
            "K%": 0.2694,
            "BB%": 0.0496,
            "K-BB%": 0.2198,
            "SIERA": 3.5332908340697724,
            "kwERA": 3.5808645661631568,
            "RS/9": 5.578125,
            "E-F": 0.45850178400675379,
            "Pull": 200.0,
            "Cent": 180.0,
            "Oppo": 147.0,
            "Soft": 113.0,
            "Med": 249.0,
            "Hard": 165.0,
            "bipCount": 527.0,
            "Pull%": 0.3795,
            "Cent%": 0.3416,
            "Oppo%": 0.2789,
            "Soft%": 0.2144,
            "Med%": 0.4725,
            "Hard%": 0.3131,
            "K/9+": 115.77013034858726,
            "BB/9+": 54.785623192365563,
            "K/BB+": 211.31535057060486,
            "H/9+": 91.0720448146401,
            "HR/9+": 76.392167285045034,
            "AVG+": 91.44285048718227,
            "WHIP+": 80.968278031224827,
            "BABIP+": 98.24096815610713,
            "LOB%+": 99.277387811228721,
            "K%+": 121.00104988522153,
            "BB%+": 57.261064377666891,
            "LD%+": 99.717584328917127,
            "GB%+": 95.503188825523679,
            "FB%+": 105.46686919021148,
            "HRFB%+": 76.466738706267449,
            "Pull%+": 92.220703018056582,
            "Cent%+": 98.354584413850759,
            "Oppo%+": 115.64088656037808,
            "Soft%+": 138.04328011818288,
            "Med%+": 91.4792549204243,
            "Hard%+": 95.403986534148885,
            "xERA": 3.21,
            "pb_o_CH": 43.924272000000009,
            "pb_s_CH": 36.349888000000007,
            "pb_c_CH": 50.589593999999991,
            "pb_o_CU": 53.532487285318567,
            "pb_s_CU": 62.521246481994453,
            "pb_c_CU": 47.4277512465374,
            "pb_o_FF": 73.815688001464125,
            "pb_s_FF": 63.502299165446551,
            "pb_c_FF": 67.870445702781836,
            "pb_o_SI": 65.2313812937063,
            "pb_s_SI": 65.107217237762242,
            "pb_c_SI": 50.856667377622372,
            "pb_o_SL": 55.860378011904764,
            "pb_s_SL": 59.036622297619047,
            "pb_c_SL": 52.238785785714285,
            "pb_o_KC": null,
            "pb_s_KC": null,
            "pb_c_KC": null,
            "pb_o_FC": null,
            "pb_s_FC": null,
            "pb_c_FC": null,
            "pb_o_FS": null,
            "pb_s_FS": null,
            "pb_c_FS": null,
            "pb_overall": 69.549400364154536,
            "pb_stuff": 61.368458153894863,
            "pb_command": 61.891144243191889,
            "pb_xRV100": -1.0856483945535149,
            "pb_ERA": 2.701888961367954,
            "sp_s_CH": 40.620000000000005,
            "sp_l_CH": 93.420000000000016,
            "sp_p_CH": 64.919999999999987,
            "sp_s_CU": 115.73628808864267,
            "sp_l_CU": 104.91606648199443,
            "sp_p_CU": 113.70138504155126,
            "sp_s_FF": 111.85300146412885,
            "sp_l_FF": 109.32327964860909,
            "sp_p_FF": 113.62415812591509,
            "sp_s_SI": 105.48706293706293,
            "sp_l_SI": 104.95437062937063,
            "sp_p_SI": 107.40034965034965,
            "sp_s_SL": 106.80505952380948,
            "sp_l_SL": 101.15119047619049,
            "sp_p_SL": 110.83261904761906,
            "sp_s_KC": null,
            "sp_l_KC": null,
            "sp_p_KC": null,
            "sp_s_FC": null,
            "sp_l_FC": null,
            "sp_p_FC": null,
            "sp_s_FS": null,
            "sp_l_FS": null,
            "sp_p_FS": null,
            "sp_s_FO": null,
            "sp_l_FO": null,